Time,Temp
2022-01-01,-27
2022-01-02,-13.7
2022-01-03,-22
2022-01-04,-27.3
2022-01-05,-33.2
2022-01-06,-29.1
2022-01-07,-26.5
2022-01-08,-27.7
2022-01-09,-23.2
2022-01-10,-12
2022-01-11,0
2022-01-12,-1.8
2022-01-13,-3.5
2022-01-14,-4.7
2022-01-15,-2.4
2022-01-16,-2.4
2022-01-17,-6.6
2022-01-18,-22.6
2022-01-19,-29.4
2022-01-20,-11
2022-01-21,-4.2
2022-01-22,-3.4
2022-01-23,-1.2
2022-01-24,-13.8
2022-01-25,-10.9
2022-01-26,1.3
2022-01-27,-3.4
2022-01-28,-4.4
2022-01-29,1
2022-01-30,-0.2
2022-01-31,-12.1
2022-02-01,-23.2
2022-02-02,-28.5
2022-02-03,-24.9
2022-02-04,-19
2022-02-05,-7.1
2022-02-06,2.1
2022-02-07,2.6
2022-02-08,1
2022-02-09,1.7
2022-02-10,1.9
2022-02-11,-8.4
2022-02-12,-6.6
2022-02-13,-3.4
2022-02-14,-10
2022-02-15,-10.3
2022-02-16,-18.9
2022-02-17,-11.6
2022-02-18,-11.8
2022-02-19,-5.3
2022-02-20,-18.7
2022-02-21,-22.5
2022-02-22,-24.6
2022-02-23,-23.4
2022-02-24,-15.8
2022-02-25,-10.2
2022-02-26,-5.6
2022-02-27,-8.3
2022-02-28,-7.4
2022-03-01,-6.8
2022-03-02,-9.7
2022-03-03,-11.3
2022-03-04,-11.5
2022-03-05,-11.5
2022-03-06,-7.8
2022-03-07,-4.4
2022-03-08,-11.7
2022-03-09,-17.6
2022-03-10,-16.6
2022-03-11,-19.3
2022-03-12,-2.7
2022-03-13,-5.7
2022-03-14,-4.9
2022-03-15,-1.2
2022-03-16,1.4
2022-03-17,1.2
2022-03-18,1.6
2022-03-19,0.3
2022-03-20,1.4
2022-03-21,1.5
2022-03-22,5.3
2022-03-23,8.1
2022-03-24,2.3
2022-03-25,-2.7
2022-03-26,-4.8
2022-03-27,1.1
2022-03-28,0.3
2022-03-29,1
2022-03-30,5.8
2022-03-31,3.2
2022-04-01,1.7
2022-04-02,2
2022-04-03,3.6
2022-04-04,5.8
2022-04-05,1.7
2022-04-06,4.9
2022-04-07,4.4
2022-04-08,11
2022-04-09,4.5
2022-04-10,-1.5
2022-04-11,-5.2
2022-04-12,-8.7
2022-04-13,-8.1
2022-04-14,-6
2022-04-15,-4.3
2022-04-16,-3
2022-04-17,-2
2022-04-18,-1
2022-04-19,0.5
2022-04-20,0.5
2022-04-21,-0.7
2022-04-22,1.8
2022-04-23,5
2022-04-24,6.2
2022-04-25,7.9
2022-04-26,6.9
2022-04-27,5.7
2022-04-28,7.5
2022-04-29,6.8
2022-04-30,6.6
2022-05-01,9.5
2022-05-02,10.2
2022-05-03,6.7
2022-05-04,13.2
2022-05-05,15.1
2022-05-06,11.7
2022-05-07,9.9
2022-05-08,8.1
2022-05-09,6.3
2022-05-10,4.7
2022-05-11,8
2022-05-12,10.1
2022-05-13,11.5
2022-05-14,10.2
2022-05-15,11
2022-05-16,12.6
2022-05-17,7.9
2022-05-18,9.1
2022-05-19,7.6
2022-05-20,6
2022-05-21,7.3
2022-05-22,9.6
2022-05-23,12.8
2022-05-24,13.2
2022-05-25,13.4
2022-05-26,13
2022-05-27,12.7
2022-05-28,13.9
2022-05-29,12.8
2022-05-30,12.6
2022-05-31,10.5
2022-06-01,11.6
2022-06-02,12.2
2022-06-03,13.3
2022-06-04,15.6
2022-06-05,15.7
2022-06-06,13.8
2022-06-07,13.8
2022-06-08,16.2
2022-06-09,16.6
2022-06-10,16.2
2022-06-11,14.8
2022-06-12,16.4
2022-06-13,15.1
2022-06-14,14.9
2022-06-15,14.3
2022-06-16,15.8
2022-06-17,18
2022-06-18,20.1
2022-06-19,15.9
2022-06-20,16.7
2022-06-21,16.8
2022-06-22,17.7
2022-06-23,14.8
2022-06-24,11.7
2022-06-25,15.1
2022-06-26,17.1
2022-06-27,15
2022-06-28,15.9
2022-06-29,15.6
2022-06-30,16.2
2022-07-01,15.6
2022-07-02,13.8
2022-07-03,14.7
2022-07-04,17
2022-07-05,14.4
2022-07-06,16.4
2022-07-07,17.2
2022-07-08,19.4
2022-07-09,19.4
2022-07-10,18.1
2022-07-11,17.7
2022-07-12,21
2022-07-13,18.7
2022-07-14,17.3
2022-07-15,21.5
2022-07-16,19.9
2022-07-17,20.6
2022-07-18,17.8
2022-07-19,19.3
2022-07-20,17
2022-07-21,18
2022-07-22,16.1
2022-07-23,15
2022-07-24,19.3
2022-07-25,17.3
2022-07-26,17.9
2022-07-27,18.5
2022-07-28,20.8
2022-07-29,21.8
2022-07-30,20.5
2022-07-31,17.5
2022-08-01,17.9
2022-08-02,15.6
2022-08-03,16
2022-08-04,16.8
2022-08-05,13
2022-08-06,14.1
2022-08-07,20
2022-08-08,17.4
2022-08-09,15.6
2022-08-10,18.6
2022-08-11,22.2
2022-08-12,20.6
2022-08-13,21.9
2022-08-14,19.1
2022-08-15,19.4
2022-08-16,20.9
2022-08-17,20
2022-08-18,20.4
2022-08-19,20.6
2022-08-20,22.2
2022-08-21,20.9
2022-08-22,19.1
2022-08-23,18.1
2022-08-24,18.8
2022-08-25,19.7
2022-08-26,19.9
2022-08-27,18.6
2022-08-28,16
2022-08-29,17.7
2022-08-30,20.6
2022-08-31,23.3
2022-09-01,16
2022-09-02,17
2022-09-03,21.8
2022-09-04,20.2
2022-09-05,15.1
2022-09-06,14.6
2022-09-07,17.1
2022-09-08,11.5
2022-09-09,10
2022-09-10,12.1
2022-09-11,17.5
2022-09-12,15.7
2022-09-13,15.4
2022-09-14,13
2022-09-15,11.2
2022-09-16,13.5
2022-09-17,11.5
2022-09-18,11.5
2022-09-19,8.9
2022-09-20,8.5
2022-09-21,7.9
2022-09-22,10.8
2022-09-23,10.2
2022-09-24,13.4
2022-09-25,12.5
2022-09-26,16.5
2022-09-27,15.8
2022-09-28,18.3
2022-09-29,16.5
2022-09-30,14
2022-10-01,13
2022-10-02,13.2
2022-10-03,13.4
2022-10-04,13.6
2022-10-05,8
2022-10-06,5.7
2022-10-07,9.9
2022-10-08,12.5
2022-10-09,13.1
2022-10-10,13.6
2022-10-11,8.1
2022-10-12,6.7
2022-10-13,7.8
2022-10-14,11.5
2022-10-15,4
2022-10-16,6.6
2022-10-17,10.4
2022-10-18,10.3
2022-10-19,11.9
2022-10-20,8
2022-10-21,4.2
2022-10-22,1.1
2022-10-23,0.4
2022-10-24,-2.2
2022-10-25,-0.7
2022-10-26,0.5
2022-10-27,5.8
2022-10-28,4.8
2022-10-29,3.5
2022-10-30,7
2022-10-31,2.9
2022-11-01,1.5
2022-11-02,-4.8
2022-11-03,-6
2022-11-04,-8
2022-11-05,-10
2022-11-06,-11
2022-11-07,-13.8
2022-11-08,-17.5
2022-11-09,-22.3
2022-11-10,-19.3
2022-11-11,-18.1
2022-11-12,-12.7
2022-11-13,-6.9
2022-11-14,-7.1
2022-11-15,-7.3
2022-11-16,-5.7
2022-11-17,-13.3
2022-11-18,-9.8
2022-11-19,-9.1
2022-11-20,-3.7
2022-11-21,0.3
2022-11-22,-0.8
2022-11-23,0.3
2022-11-24,0.8
2022-11-25,1.8
2022-11-26,-0.9
2022-11-27,-4.7
2022-11-28,-11.3
2022-11-29,-15.4
2022-11-30,-17.4
2022-12-01,-24.9
2022-12-02,-27.6
2022-12-03,-15.4
2022-12-04,-8.9
2022-12-05,-20.1
2022-12-06,-29.4
2022-12-07,-20.4
2022-12-08,-13.3
2022-12-09,-10.4
2022-12-10,-15.9
2022-12-11,-11.8
2022-12-12,-16.7
2022-12-13,-16
2022-12-14,-7.6
2022-12-15,-12.4
2022-12-16,-12.8
2022-12-17,-15.1
2022-12-18,-21.3
2022-12-19,-26.5
2022-12-20,-32.7
2022-12-21,-32.9
2022-12-22,-33.6
2022-12-23,-29.8
2022-12-24,-17
2022-12-25,-15.5
2022-12-26,-13.7
2022-12-27,-13.5
2022-12-28,-12.9
2022-12-29,-12.7
2022-12-30,-15.8
2022-12-31,-16.2
2023-01-01,-11.8
2023-01-02,-10.8
2023-01-03,-12.3
2023-01-04,-14.8
2023-01-05,-14.7
2023-01-06,-12.5
2023-01-07,-9.4
2023-01-08,-12.9
2023-01-09,-11.5
2023-01-10,-11.9
2023-01-11,-11.2
2023-01-12,-12.9
2023-01-13,-14.7
2023-01-14,-9.6
2023-01-15,-6.5
2023-01-16,-8.2
2023-01-17,-7.5
2023-01-18,-7.9
2023-01-19,-10.6
2023-01-20,-9.2
2023-01-21,-1.3
2023-01-22,-1.8
2023-01-23,-6.5
2023-01-24,-3.8
2023-01-25,-3.4
2023-01-26,2.1
2023-01-27,-9.9
2023-01-28,-19.5
2023-01-29,-21.7
2023-01-30,-16.7
2023-01-31,-17.3
2023-02-01,-20.1
2023-02-02,-22.2
2023-02-03,-9.3
2023-02-04,-2.3
2023-02-05,-5.3
2023-02-06,-1.1
2023-02-07,-1
2023-02-08,-4.1
2023-02-09,-3
2023-02-10,-2.5
2023-02-11,-0.1
2023-02-12,-1.1
2023-02-13,-2.4
2023-02-14,-11.3
2023-02-15,-11.7
2023-02-16,-6.1
2023-02-17,-2.5
2023-02-18,-10.8
2023-02-19,-11
2023-02-20,-15.6
2023-02-21,-20.5
2023-02-22,-27.8
2023-02-23,-24.6
2023-02-24,-28.4
2023-02-25,-18.4
2023-02-26,-14.5
2023-02-27,-13.4
2023-02-28,-18.8
2023-03-01,-12.6
2023-03-02,-5.3
2023-03-03,-5.1
2023-03-04,-12
2023-03-05,-17.6
2023-03-06,-18.3
2023-03-07,-18
2023-03-08,-17.9
2023-03-09,-17.8
2023-03-10,-12.5
2023-03-11,-11.2
2023-03-12,-14.7
2023-03-13,-13.8
2023-03-14,-9
2023-03-15,-10.7
2023-03-16,-8.9
2023-03-17,-9.8
2023-03-18,-8.7
2023-03-19,-3.9
2023-03-20,-9.9
2023-03-21,-10.6
2023-03-22,-7.8
2023-03-23,-4
2023-03-24,-8.8
2023-03-25,-9.3
2023-03-26,-6.6
2023-03-27,-13
2023-03-28,-10.3
2023-03-29,-3.3
2023-03-30,-3.6
2023-03-31,-4
2023-04-01,-5
2023-04-02,-6
2023-04-03,-7
2023-04-04,-7.6
2023-04-05,-10.3
2023-04-06,-10.5
2023-04-07,-4.3
2023-04-08,6.5
2023-04-09,6.9
2023-04-10,6.6
2023-04-11,2.3
2023-04-12,4.4
2023-04-13,2.2
2023-04-14,3.4
2023-04-15,5.5
2023-04-16,7.8
2023-04-17,8.9
2023-04-18,6
2023-04-19,6.2
2023-04-20,6.5
2023-04-21,6.9
2023-04-22,7.3
2023-04-23,7.5
2023-04-24,7.8
2023-04-25,7.9
2023-04-26,8
2023-04-27,8.1
2023-04-28,11
2023-04-29,8.3
2023-04-30,10.2
2023-05-01,14.8
2023-05-02,14.7
2023-05-03,17.6
2023-05-04,18.4
2023-05-05,13.1
2023-05-06,12.2
2023-05-07,13.1
2023-05-08,13.9
2023-05-09,14.1
2023-05-10,14.1
2023-05-11,12.8
2023-05-12,16.4
2023-05-13,16
2023-05-14,16.2
2023-05-15,18.4
2023-05-16,11.3
2023-05-17,11.4
2023-05-18,10.4
2023-05-19,14.5
2023-05-20,15.8
2023-05-21,15.8
2023-05-22,21.8
2023-05-23,16.9
2023-05-24,14.7
2023-05-25,13.6
2023-05-26,14.5
2023-05-27,15.3
2023-05-28,16.8
2023-05-29,19.2
2023-05-30,17.9
2023-05-31,21.5
2023-06-01,17
2023-06-02,17.5
2023-06-03,15
2023-06-04,15.5
2023-06-05,16.4
2023-06-06,17
2023-06-07,18.3
2023-06-08,21.4
2023-06-09,18.6
2023-06-10,18.3
2023-06-11,22.4
2023-06-12,21.9
2023-06-13,19
2023-06-14,17.8
2023-06-15,11.8
2023-06-16,15.4
2023-06-17,15.8
2023-06-18,13.6
2023-06-19,14.3
2023-06-20,11.2
2023-06-21,13
2023-06-22,14.8
2023-06-23,16.7
2023-06-24,18.4
2023-06-25,20
2023-06-26,17.6
2023-06-27,19
2023-06-28,18.6
2023-06-29,19.6
2023-06-30,20.7
2023-07-01,19
2023-07-02,18
2023-07-03,17
2023-07-04,16
2023-07-05,15.4
2023-07-06,17.6
2023-07-07,17.3
2023-07-08,17.1
2023-07-09,22.1
2023-07-10,18
2023-07-11,15
2023-07-12,15.8
2023-07-13,18.8
2023-07-14,16.2
2023-07-15,15.7
2023-07-16,15.9
2023-07-17,21.3
2023-07-18,15.9
2023-07-19,19.2
2023-07-20,18.5
2023-07-21,20.4
2023-07-22,20.2
2023-07-23,21.5
2023-07-24,24.3
2023-07-25,20.8
2023-07-26,16.6
2023-07-27,13.7
2023-07-28,14
2023-07-29,15
2023-07-30,16
2023-07-31,17
2023-08-01,18.9
2023-08-02,19.8
2023-08-03,19.3
2023-08-04,17.4
2023-08-05,18
2023-08-06,16.9
2023-08-07,16.9
2023-08-08,16.6
2023-08-09,16.8
2023-08-10,18
2023-08-11,16.7
2023-08-12,17.4
2023-08-13,19.4
2023-08-14,22.8
2023-08-15,22.4
2023-08-16,17.1
2023-08-17,22.2
2023-08-18,15.8
2023-08-19,10.4
2023-08-20,11.2
2023-08-21,14.7
2023-08-22,15.5
2023-08-23,15.9
2023-08-24,13.5
2023-08-25,13.7
2023-08-26,15
2023-08-27,18
2023-08-28,20
2023-08-29,22
2023-08-30,22
2023-08-31,17.7
2023-09-01,18.9
2023-09-02,18.4
2023-09-03,15.7
2023-09-04,8.5
2023-09-05,7.4
2023-09-06,12.3
2023-09-07,13.4
2023-09-08,12.6
2023-09-09,16.3
2023-09-10,14.8
2023-09-11,15.3
2023-09-12,15.7
2023-09-13,14.2
2023-09-14,13
2023-09-15,12.6
2023-09-16,15.9
2023-09-17,15.8
2023-09-18,11.8
2023-09-19,11.9
2023-09-20,9.4
2023-09-21,10.5
2023-09-22,11.3
2023-09-23,11.5
2023-09-24,11.8
2023-09-25,12.4
2023-09-26,16.5
2023-09-27,12.9
2023-09-28,13.2
2023-09-29,10.3
2023-09-30,6.2
2023-10-01,7.4
2023-10-02,5.7
2023-10-03,10
2023-10-04,8
2023-10-05,1.6
2023-10-06,6
2023-10-07,15
2023-10-08,14.2
2023-10-09,14.4
2023-10-10,14.3
2023-10-11,11.4
2023-10-12,4.2
2023-10-13,4.4
2023-10-14,6.5
2023-10-15,9.5
2023-10-16,7.6
2023-10-17,9.5
2023-10-18,9.7
2023-10-19,12.9
2023-10-20,7.6
2023-10-21,3.5
2023-10-22,1
2023-10-23,-3.4
2023-10-24,-8.1
2023-10-25,-9.8
2023-10-26,-7.8
2023-10-27,-4.4
2023-10-28,-3.9
2023-10-29,-1.7
2023-10-30,-4.8
2023-10-31,0.3
2023-11-01,-3.2
2023-11-02,-1
2023-11-03,0
2023-11-04,3
2023-11-05,1.6
2023-11-06,1
2023-11-07,1.3
2023-11-08,0
2023-11-09,-2.8
2023-11-10,-2.3
2023-11-11,0.3
2023-11-12,0.9
2023-11-13,0.6
2023-11-14,0.4
2023-11-15,-3.2
2023-11-16,-3.2
2023-11-17,5.1
2023-11-18,3.2
2023-11-19,2.3
2023-11-20,-1.1
2023-11-21,-3.9
2023-11-22,-7.2
2023-11-23,-7.9
2023-11-24,-2.3
2023-11-25,-3.8
2023-11-26,-6.4
2023-11-27,-5.3
2023-11-28,2.2
2023-11-29,-2.3
2023-11-30,-8.1
2023-12-01,-10.6
2023-12-02,-9.6
2023-12-03,-5.8
2023-12-04,-1.3
2023-12-05,-1
2023-12-06,-0.4
2023-12-07,-0.5
2023-12-08,-6.2
2023-12-09,-6.3
2023-12-10,-6.4
2023-12-11,-6.5
2023-12-12,-6.6
2023-12-13,-2.1
2023-12-14,1.7
2023-12-15,-3
2023-12-16,-3
2023-12-17,-2.8
2023-12-18,-2.9
2023-12-19,-2.9
2023-12-20,-4.4
2023-12-21,-2.7
2023-12-22,-1.8
2023-12-23,-1.9
2023-12-24,-2.3
2023-12-25,-2.5
2023-12-26,-2.8
2023-12-27,-3.1
2023-12-28,0
2023-12-29,-3.2
2023-12-30,-3.9
2023-12-31,-4.5
2024-01-01,-6
2024-01-02,-7
2024-01-03,-8.3
2024-01-04,-6.6
2024-01-05,-10
2024-01-06,-13
2024-01-07,-15
2024-01-08,-17
2024-01-09,-19.8
2024-01-10,-24
2024-01-11,-30.1
2024-01-12,-36.4
2024-01-13,-34
2024-01-14,-32
2024-01-15,-30
2024-01-16,-25.5
2024-01-17,-23
2024-01-18,-21.5
2024-01-19,-18
2024-01-20,-16
2024-01-21,-14.2
2024-01-22,-13.4
2024-01-23,-11.4
2024-01-24,-12.6
2024-01-25,-10.9
2024-01-26,-4.2
2024-01-27,-6.1
2024-01-28,-0.6
2024-01-29,-2.8
2024-01-30,3.2
2024-01-31,0.7
2024-02-01,4.4
2024-02-02,1.9
2024-02-03,0.1
2024-02-04,-5.1
2024-02-05,-9
2024-02-06,-6.1
2024-02-07,-4.4
2024-02-08,-4.2
2024-02-09,-7.5
2024-02-10,-13.5
2024-02-11,-2.7
2024-02-12,-8.9
2024-02-13,-7.5
2024-02-14,-8.9
2024-02-15,-12
2024-02-16,-12.2
2024-02-17,-6
2024-02-18,-10.5
2024-02-19,-10.1
2024-02-20,-9.2
2024-02-21,-4.6
2024-02-22,-0.7
2024-02-23,2.8
2024-02-24,-3.1
2024-02-25,-5.7
2024-02-26,-17.7
2024-02-27,-25.1
2024-02-28,-24
2024-02-29,-10.2
2024-03-01,-15.7
2024-03-02,-15.3
2024-03-03,-16.9
2024-03-04,-23.2
2024-03-05,-23.7
2024-03-06,-24.7
2024-03-07,-22.6
2024-03-08,-10.4
2024-03-09,-9
2024-03-10,-8
2024-03-11,-5
2024-03-12,-3.1
2024-03-13,0
2024-03-14,1.5
2024-03-15,3.4
2024-03-16,-0.5
2024-03-17,-0.6
2024-03-18,5.7
2024-03-19,-2.1
2024-03-20,-8.3
2024-03-21,-9.1
2024-03-22,-9.3
2024-03-23,-8.1
2024-03-24,-7.8
2024-03-25,-5.7
2024-03-26,-7
2024-03-27,-1.5
2024-03-28,-3.7
2024-03-29,-7.1
2024-03-30,-4.4
2024-03-31,-1.2
2024-04-01,4.9
2024-04-02,7.8
2024-04-03,5.3
2024-04-04,1.5
2024-04-05,3.7
2024-04-06,4.3
2024-04-07,5.2
2024-04-08,8
2024-04-09,9
2024-04-10,5.6
2024-04-11,4
2024-04-12,11.3
2024-04-13,8.5
2024-04-14,8.2
2024-04-15,9.1
2024-04-16,4.2
2024-04-17,0
2024-04-18,-1.3
2024-04-19,-0.6
2024-04-20,3.4
2024-04-21,4.1
2024-04-22,10.9
2024-04-23,9.5
2024-04-24,10.5
2024-04-25,10.8
2024-04-26,4.8
2024-04-27,4.9
2024-04-28,11.6
2024-04-29,7.8
2024-04-30,4.5
2024-05-01,6.2
2024-05-02,2.1
2024-05-03,3.8
2024-05-04,4.9
2024-05-05,9.5
2024-05-06,11.5
2024-05-07,9.1
2024-05-08,12.6
2024-05-09,12.1
2024-05-10,15.4
2024-05-11,13.3
2024-05-12,11.3
2024-05-13,7.7
